{
  "meta": {
    "origin": "https://us.louisvuitton.com",
    "parsedAt": "2025-09-20T20:03:12.024Z",
    "notes": [
      "Noindex inside robots.txt is non-standard; captured verbatim for analysis.",
      "Regexes are heuristic translations of robots patterns; crawler behavior may differ by vendor."
    ]
  },
  "lines": [
    {
      "n": 1,
      "raw": "User-Agent: *",
      "type": "directive",
      "directive": "user-agent",
      "value": "*"
    },
    {
      "n": 2,
      "raw": "Disallow: /eng-us/mylv/",
      "type": "directive",
      "directive": "disallow",
      "value": "/eng-us/mylv/"
    },
    {
      "n": 3,
      "raw": "Disallow: /eng-us/search*",
      "type": "directive",
      "directive": "disallow",
      "value": "/eng-us/search*"
    },
    {
      "n": 4,
      "raw": "Disallow: /*article_search_result?*",
      "type": "directive",
      "directive": "disallow",
      "value": "/*article_search_result?*"
    },
    {
      "n": 5,
      "raw": "Disallow: /exclusive-access/",
      "type": "directive",
      "directive": "disallow",
      "value": "/exclusive-access/"
    },
    {
      "n": 6,
      "raw": "Disallow: /*sort=",
      "type": "directive",
      "directive": "disallow",
      "value": "/*sort="
    },
    {
      "n": 7,
      "raw": "Disallow: /*kitID=",
      "type": "directive",
      "directive": "disallow",
      "value": "/*kitID="
    },
    {
      "n": 8,
      "raw": "Noindex: */page-*",
      "type": "directive",
      "directive": "noindex",
      "value": "*/page-*"
    },
    {
      "n": 9,
      "raw": "Disallow: /*?search=",
      "type": "directive",
      "directive": "disallow",
      "value": "/*?search="
    },
    {
      "n": 10,
      "raw": "Disallow: /*lvxmurakami",
      "type": "directive",
      "directive": "disallow",
      "value": "/*lvxmurakami"
    },
    {
      "n": 11,
      "raw": "Disallow: */booking-appointments?storeId=",
      "type": "directive",
      "directive": "disallow",
      "value": "*/booking-appointments?storeId="
    },
    {
      "n": 12,
      "raw": "Disallow: /*personalizationId=",
      "type": "directive",
      "directive": "disallow",
      "value": "/*personalizationId="
    },
    {
      "n": 13,
      "raw": "",
      "type": "blank"
    },
    {
      "n": 14,
      "raw": "Allow: */mylv/booking-appointments",
      "type": "directive",
      "directive": "allow",
      "value": "*/mylv/booking-appointments"
    },
    {
      "n": 15,
      "raw": "Allow: */mylv/newsletter",
      "type": "directive",
      "directive": "allow",
      "value": "*/mylv/newsletter"
    },
    {
      "n": 16,
      "raw": "",
      "type": "blank"
    },
    {
      "n": 17,
      "raw": "Sitemap: https://us.louisvuitton.com/content/louisvuitton/sitemap/eng_US/sitemap-product.xml",
      "type": "directive",
      "directive": "sitemap",
      "value": "https://us.louisvuitton.com/content/louisvuitton/sitemap/eng_US/sitemap-product.xml"
    },
    {
      "n": 18,
      "raw": "Sitemap: https://us.louisvuitton.com/content/louisvuitton/sitemap/eng_US/sitemap-content.xml",
      "type": "directive",
      "directive": "sitemap",
      "value": "https://us.louisvuitton.com/content/louisvuitton/sitemap/eng_US/sitemap-content.xml"
    },
    {
      "n": 19,
      "raw": "Sitemap: https://us.louisvuitton.com/content/louisvuitton/sitemap/eng_US/sitemap-catalog.xml",
      "type": "directive",
      "directive": "sitemap",
      "value": "https://us.louisvuitton.com/content/louisvuitton/sitemap/eng_US/sitemap-catalog.xml"
    },
    {
      "n": 20,
      "raw": "Sitemap: https://us.louisvuitton.com/content/louisvuitton/sitemap/eng_US/sitemap-image.xml",
      "type": "directive",
      "directive": "sitemap",
      "value": "https://us.louisvuitton.com/content/louisvuitton/sitemap/eng_US/sitemap-image.xml"
    }
  ],
  "groups": [
    {
      "userAgents": [
        "*"
      ],
      "rules": [
        {
          "type": "disallow",
          "value": "/eng-us/mylv/",
          "info": {
            "hasWildcard": false,
            "hasQuery": false,
            "pathLike": true,
            "endsWithEquals": false,
            "anchor": "site-root-or-below",
            "scope": "absolute-path"
          },
          "regex": "^/eng-us/mylv/",
          "example": "https://us.louisvuitton.com/eng-us/mylv/"
        },
        {
          "type": "disallow",
          "value": "/eng-us/search*",
          "info": {
            "hasWildcard": true,
            "hasQuery": false,
            "pathLike": true,
            "endsWithEquals": false,
            "anchor": "site-root-or-below",
            "scope": "absolute-path"
          },
          "regex": "^/eng-us/search.*",
          "example": "https://us.louisvuitton.com/eng-us/search?q=belt"
        },
        {
          "type": "disallow",
          "value": "/*article_search_result?*",
          "info": {
            "hasWildcard": true,
            "hasQuery": true,
            "pathLike": true,
            "endsWithEquals": false,
            "queryKeys": [
              "*"
            ],
            "anchor": "site-root-or-below",
            "scope": "any-top-path"
          },
          "regex": "^/.*article_search_result\\?.*",
          "example": "https://us.louisvuitton.com/x?*=x"
        },
        {
          "type": "disallow",
          "value": "/exclusive-access/",
          "info": {
            "hasWildcard": false,
            "hasQuery": false,
            "pathLike": true,
            "endsWithEquals": false,
            "anchor": "site-root-or-below",
            "scope": "absolute-path"
          },
          "regex": "^/exclusive-access/",
          "example": "https://us.louisvuitton.com/exclusive-access/"
        },
        {
          "type": "disallow",
          "value": "/*sort=",
          "info": {
            "hasWildcard": true,
            "hasQuery": false,
            "pathLike": true,
            "endsWithEquals": true,
            "anchor": "site-root-or-below",
            "scope": "any-top-path"
          },
          "regex": "^/.*sort=",
          "example": "https://us.louisvuitton.com/xsort="
        },
        {
          "type": "disallow",
          "value": "/*kitID=",
          "info": {
            "hasWildcard": true,
            "hasQuery": false,
            "pathLike": true,
            "endsWithEquals": true,
            "anchor": "site-root-or-below",
            "scope": "any-top-path"
          },
          "regex": "^/.*kitID=",
          "example": "https://us.louisvuitton.com/xkitID="
        },
        {
          "type": "noindex",
          "value": "*/page-*",
          "info": {
            "hasWildcard": true,
            "hasQuery": false,
            "pathLike": true,
            "endsWithEquals": false,
            "anchor": "unknown",
            "scope": "any-subpath"
          },
          "regex": "^/.*/page-.*",
          "example": "https://us.louisvuitton.com/collection/page-2"
        },
        {
          "type": "disallow",
          "value": "/*?search=",
          "info": {
            "hasWildcard": true,
            "hasQuery": true,
            "pathLike": true,
            "endsWithEquals": true,
            "queryKeys": [
              "search"
            ],
            "anchor": "site-root-or-below",
            "scope": "any-top-path"
          },
          "regex": "^/.*\\?search=",
          "example": "https://us.louisvuitton.com/x?search=wallet"
        },
        {
          "type": "disallow",
          "value": "/*lvxmurakami",
          "info": {
            "hasWildcard": true,
            "hasQuery": false,
            "pathLike": true,
            "endsWithEquals": false,
            "anchor": "site-root-or-below",
            "scope": "any-top-path"
          },
          "regex": "^/.*lvxmurakami",
          "example": "https://us.louisvuitton.com/collections/lvxmurakami"
        },
        {
          "type": "disallow",
          "value": "*/booking-appointments?storeId=",
          "info": {
            "hasWildcard": true,
            "hasQuery": true,
            "pathLike": true,
            "endsWithEquals": true,
            "queryKeys": [
              "storeId"
            ],
            "anchor": "unknown",
            "scope": "any-subpath"
          },
          "regex": "^/.*/booking-appointments\\?storeId=",
          "example": "https://us.louisvuitton.com/x/booking-appointments?storeId=1001"
        },
        {
          "type": "disallow",
          "value": "/*personalizationId=",
          "info": {
            "hasWildcard": true,
            "hasQuery": false,
            "pathLike": true,
            "endsWithEquals": true,
            "anchor": "site-root-or-below",
            "scope": "any-top-path"
          },
          "regex": "^/.*personalizationId=",
          "example": "https://us.louisvuitton.com/xpersonalizationId="
        },
        {
          "type": "allow",
          "value": "*/mylv/booking-appointments",
          "info": {
            "hasWildcard": true,
            "hasQuery": false,
            "pathLike": true,
            "endsWithEquals": false,
            "anchor": "unknown",
            "scope": "any-subpath"
          },
          "regex": "^/.*/mylv/booking-appointments",
          "example": "https://us.louisvuitton.com/x/mylv/booking-appointments"
        },
        {
          "type": "allow",
          "value": "*/mylv/newsletter",
          "info": {
            "hasWildcard": true,
            "hasQuery": false,
            "pathLike": true,
            "endsWithEquals": false,
            "anchor": "unknown",
            "scope": "any-subpath"
          },
          "regex": "^/.*/mylv/newsletter",
          "example": "https://us.louisvuitton.com/mylv/newsletter"
        }
      ],
      "sitemaps": [
        "https://us.louisvuitton.com/content/louisvuitton/sitemap/eng_US/sitemap-product.xml",
        "https://us.louisvuitton.com/content/louisvuitton/sitemap/eng_US/sitemap-content.xml",
        "https://us.louisvuitton.com/content/louisvuitton/sitemap/eng_US/sitemap-catalog.xml",
        "https://us.louisvuitton.com/content/louisvuitton/sitemap/eng_US/sitemap-image.xml"
      ]
    }
  ],
  "summary": {
    "sitemaps": [
      "https://us.louisvuitton.com/content/louisvuitton/sitemap/eng_US/sitemap-product.xml",
      "https://us.louisvuitton.com/content/louisvuitton/sitemap/eng_US/sitemap-content.xml",
      "https://us.louisvuitton.com/content/louisvuitton/sitemap/eng_US/sitemap-catalog.xml",
      "https://us.louisvuitton.com/content/louisvuitton/sitemap/eng_US/sitemap-image.xml"
    ],
    "counts": {
      "groups": 1,
      "allows": 2,
      "disallows": 10,
      "noindexes": 1,
      "sitemaps": 4,
      "crawlDelay": 0
    },
    "crawlDelay": null,
    "overlaps": []
  }
}