{
  "host": "de.louisvuitton.com",
  "discoveredAt": "2025-09-20T20:03:15.674Z",
  "robotsInfo": {
    "url": "https://de.louisvuitton.com/robots.txt",
    "found": true
  },
  "sitemaps": [
    "https://de.louisvuitton.com/content/louisvuitton/sitemap/deu_DE/sitemap-product.xml",
    "https://de.louisvuitton.com/content/louisvuitton/sitemap/deu_DE/sitemap-content.xml",
    "https://de.louisvuitton.com/content/louisvuitton/sitemap/deu_DE/sitemap-catalog.xml",
    "https://de.louisvuitton.com/content/louisvuitton/sitemap/deu_DE/sitemap-image.xml"
  ]
}